2024-12-22 20:17:17,0bd0f439-013b-40ed-a6d1-4e67e971d437___JR_B.Spot 3272.JPG,Bonne santé,Aucune action requise
2024-12-22 20:26:49,"UploadedFile(file_id='e4849942-7736-4207-b188-9f0e95f98d79', name='0ce74db6-be9b-4c43-a104-6a3f9bcd2de2___NREC_B.Spot 1827.JPG', type='image/jpeg', size=16335, _file_urls=file_id: ""e4849942-7736-4207-b188-9f0e95f98d79""
upload_url: ""/_stcore/upload_file/c3241c22-ac3a-4865-9732-7e03107da20d/e4849942-7736-4207-b188-9f0e95f98d79""
delete_url: ""/_stcore/upload_file/c3241c22-ac3a-4865-9732-7e03107da20d/e4849942-7736-4207-b188-9f0e95f98d79""
)",Poivron___Tache bactérienne,La tache bactérienne du poivron provoque des taches brunes sur les feuilles et les fruits.,: Retirez les feuilles infectées et utilisez des bactéricides.
2024-12-22 20:28:03,"UploadedFile(file_id='d87b02b0-a5af-446e-8a19-488b9349a4d8', name='1f772cab-21e1-4458-95fb-6f17e0961d9f___FAM_B.Msls 4141.JPG', type='image/jpeg', size=19823, _file_urls=file_id: ""d87b02b0-a5af-446e-8a19-488b9349a4d8""
upload_url: ""/_stcore/upload_file/c3241c22-ac3a-4865-9732-7e03107da20d/d87b02b0-a5af-446e-8a19-488b9349a4d8""
delete_url: ""/_stcore/upload_file/c3241c22-ac3a-4865-9732-7e03107da20d/d87b02b0-a5af-446e-8a19-488b9349a4d8""
)",Vigne___Esca (Maladie des taches noires),L'Esca de la vigne provoque des taches noires sur les feuilles et des pertes de production.,: Retirez les vignes infectées et traitez avec des fongicides appropriés.
2024-12-22 23:26:59,0ac7f7a3-2748-4f58-ae8d-426cdc5113f4___FAM_B.Msls 4432.JPG,Bonne santé,Aucune action requise
2024-12-23 00:35:40,"UploadedFile(file_id='b4099981-15ab-4f4b-afc3-66f835753d7b', name='00b65fe8-cee1-4b68-8ef4-1211814f2845___FAM_B.Msls 3990.JPG', type='image/jpeg', size=19896, _file_urls=file_id: ""b4099981-15ab-4f4b-afc3-66f835753d7b""
upload_url: ""/_stcore/upload_file/c3241c22-ac3a-4865-9732-7e03107da20d/b4099981-15ab-4f4b-afc3-66f835753d7b""
delete_url: ""/_stcore/upload_file/c3241c22-ac3a-4865-9732-7e03107da20d/b4099981-15ab-4f4b-afc3-66f835753d7b""
)",Vigne___Esca (Maladie des taches noires),L'Esca de la vigne provoque des taches noires sur les feuilles et des pertes de production.,: Retirez les vignes infectées et traitez avec des fongicides appropriés.
2024-12-23 12:03:45,"UploadedFile(file_id='bbad6fd5-c675-407f-b8f3-1e5c84dae67e', name='00e6ad4a-5a62-48d7-ac68-9c0b8ec87f5f___Rut._Bact.S 1472.JPG', type='image/jpeg', size=14499, _file_urls=file_id: ""bbad6fd5-c675-407f-b8f3-1e5c84dae67e""
upload_url: ""/_stcore/upload_file/91c1f4d4-d0f8-4c01-b08e-ce4241a72ec6/bbad6fd5-c675-407f-b8f3-1e5c84dae67e""
delete_url: ""/_stcore/upload_file/91c1f4d4-d0f8-4c01-b08e-ce4241a72ec6/bbad6fd5-c675-407f-b8f3-1e5c84dae67e""
)",Pêche___Tache bactérienne,La tache bactérienne du pêcher cause des lésions sur les fruits et les feuilles.,: Taillez les branches affectées et appliquez des fongicides à base de cuivre.
2024-12-23 12:05:43,"UploadedFile(file_id='45f7dc35-07fc-460b-a123-05a879a28967', name='00c07a77-15e6-4815-92d4-8d1e1afb7f3c___PSU_CG 2052.JPG', type='image/jpeg', size=17385, _file_urls=file_id: ""45f7dc35-07fc-460b-a123-05a879a28967""
upload_url: ""/_stcore/upload_file/91c1f4d4-d0f8-4c01-b08e-ce4241a72ec6/45f7dc35-07fc-460b-a123-05a879a28967""
delete_url: ""/_stcore/upload_file/91c1f4d4-d0f8-4c01-b08e-ce4241a72ec6/45f7dc35-07fc-460b-a123-05a879a28967""
)",Tomate___Virus de la mosaïque,Le virus de la mosaïque de la tomate cause des taches jaunes et une déformation des feuilles.,: Retirez les plantes infectées et désinfectez les outils.
2024-12-23 16:12:18,"UploadedFile(file_id='16ae466c-7d2b-4a47-87ee-24b4f99fba18', name='file-2nSD1uVk7oFtDzCj984RM09U (1).webp', type='image/webp', size=234136, _file_urls=file_id: ""16ae466c-7d2b-4a47-87ee-24b4f99fba18""
upload_url: ""/_stcore/upload_file/193043de-42c9-4221-b972-d6a537f6c083/16ae466c-7d2b-4a47-87ee-24b4f99fba18""
delete_url: ""/_stcore/upload_file/193043de-42c9-4221-b972-d6a537f6c083/16ae466c-7d2b-4a47-87ee-24b4f99fba18""
)",Cerise (incluant griottes)___Oïdium,L'oïdium des cerises est une maladie fongique provoquant un dépôt poudreux blanc sur les feuilles.,
2024-12-23 16:21:41,"UploadedFile(file_id='da6a85f8-4d50-46ad-aa4e-db4ada051f7f', name='IMG-20230521-WA0010.jpg', type='image/jpeg', size=83509, _file_urls=file_id: ""da6a85f8-4d50-46ad-aa4e-db4ada051f7f""
upload_url: ""/_stcore/upload_file/3b224de5-717c-491b-a709-7e477be98242/da6a85f8-4d50-46ad-aa4e-db4ada051f7f""
delete_url: ""/_stcore/upload_file/3b224de5-717c-491b-a709-7e477be98242/da6a85f8-4d50-46ad-aa4e-db4ada051f7f""
)",Fraise___Brûlure des feuilles,La brûlure des feuilles de fraise entraîne un dessèchement et une décoloration des feuilles.,: Taillez les feuilles affectées et améliorez la gestion de l'eau.
2024-12-23 16:36:33,"UploadedFile(file_id='0353d44d-b6de-43ad-8dad-59de9a97a21d', name='00a14441-7a62-4034-bc40-b196aeab2785___RS_NLB 3932.JPG', type='image/jpeg', size=13597, _file_urls=file_id: ""0353d44d-b6de-43ad-8dad-59de9a97a21d""
upload_url: ""/_stcore/upload_file/b257b47d-970a-4fc4-a3ca-569fdb5823a2/0353d44d-b6de-43ad-8dad-59de9a97a21d""
delete_url: ""/_stcore/upload_file/b257b47d-970a-4fc4-a3ca-569fdb5823a2/0353d44d-b6de-43ad-8dad-59de9a97a21d""
)",Maïs___Brûlure septentrionale des feuilles,"La brûlure septentrionale des feuilles est une maladie causée par un champignon, affectant les feuilles de maïs.",: Retirez les feuilles infectées et appliquez des fongicides.
2024-12-23 16:37:28,"UploadedFile(file_id='324695eb-afbf-4c74-974d-4cd6e1768098', name='RS_Rust 1584.JPG', type='image/jpeg', size=14371, _file_urls=file_id: ""324695eb-afbf-4c74-974d-4cd6e1768098""
upload_url: ""/_stcore/upload_file/b257b47d-970a-4fc4-a3ca-569fdb5823a2/324695eb-afbf-4c74-974d-4cd6e1768098""
delete_url: ""/_stcore/upload_file/b257b47d-970a-4fc4-a3ca-569fdb5823a2/324695eb-afbf-4c74-974d-4cd6e1768098""
)",Maïs___Rouille commune,La rouille commune du maïs est une maladie fongique causant des pustules rouges sur les feuilles.,: Utilisez un fongicide et améliorez la circulation de l'air autour de la plante.
2024-12-23 16:41:36,"UploadedFile(file_id='a6fa70d7-d623-4741-9fba-9c6a4d65314c', name='eeia2.jpg', type='image/jpeg', size=8562413, _file_urls=file_id: ""a6fa70d7-d623-4741-9fba-9c6a4d65314c""
upload_url: ""/_stcore/upload_file/b257b47d-970a-4fc4-a3ca-569fdb5823a2/a6fa70d7-d623-4741-9fba-9c6a4d65314c""
delete_url: ""/_stcore/upload_file/b257b47d-970a-4fc4-a3ca-569fdb5823a2/a6fa70d7-d623-4741-9fba-9c6a4d65314c""
)",Pommier___Tavelure du pommier,"La tavelure du pommier est une maladie fongique causant des lésions sombres sur les feuilles et les fruits, réduisant leur qualité.",: Retirez les feuilles affectées et éliminez-les correctement pour éviter leur propagation.
2024-12-23 16:42:13,"UploadedFile(file_id='23bb89e1-cdd8-4cab-933a-7ead6878f399', name='logo.jpg', type='image/jpeg', size=56972, _file_urls=file_id: ""23bb89e1-cdd8-4cab-933a-7ead6878f399""
upload_url: ""/_stcore/upload_file/b257b47d-970a-4fc4-a3ca-569fdb5823a2/23bb89e1-cdd8-4cab-933a-7ead6878f399""
delete_url: ""/_stcore/upload_file/b257b47d-970a-4fc4-a3ca-569fdb5823a2/23bb89e1-cdd8-4cab-933a-7ead6878f399""
)",Pomme de terre___Sain,Cette pomme de terre est en bonne santé.,: Vos plants de pommes de terre sont en bonne santé ! Assurez un bon drainage du sol.
2024-12-24 09:16:11,"UploadedFile(file_id='584ddaca-8786-4296-a8e8-d3a44761acfb', name='0a6812de-7416-4ffe-aba9-307599a02c84___FREC_Scab 2973.JPG', type='image/jpeg', size=15739, _file_urls=file_id: ""584ddaca-8786-4296-a8e8-d3a44761acfb""
upload_url: ""/_stcore/upload_file/2eec65ca-bda3-4f29-8864-2c7ca15e065b/584ddaca-8786-4296-a8e8-d3a44761acfb""
delete_url: ""/_stcore/upload_file/2eec65ca-bda3-4f29-8864-2c7ca15e065b/584ddaca-8786-4296-a8e8-d3a44761acfb""
)",Pommier___Tavelure du pommier,"La tavelure du pommier est une maladie fongique causant des lésions sombres sur les feuilles et les fruits, réduisant leur qualité.",: Retirez les feuilles affectées et éliminez-les correctement pour éviter leur propagation.
2025-01-07 10:53:00,"UploadedFile(file_id='27b0521a-34a5-46a7-8aba-68f257d8d3bf', name='0a14783a-838a-4d4f-a671-ff98011714c6___FREC_Scab 3288_new30degFlipLR.JPG', type='image/jpeg', size=14278, _file_urls=file_id: ""27b0521a-34a5-46a7-8aba-68f257d8d3bf""
upload_url: ""/_stcore/upload_file/553495b0-f485-4cc3-9be6-df90cd8f4928/27b0521a-34a5-46a7-8aba-68f257d8d3bf""
delete_url: ""/_stcore/upload_file/553495b0-f485-4cc3-9be6-df90cd8f4928/27b0521a-34a5-46a7-8aba-68f257d8d3bf""
)",Pommier___Tavelure du pommier,"La tavelure du pommier est une maladie fongique causant des lésions sombres sur les feuilles et les fruits, réduisant leur qualité.",: Retirez les feuilles affectées et éliminez-les correctement pour éviter leur propagation.
2025-01-27 09:33:49,"UploadedFile(file_id='60372337-4df6-4886-a5de-a1663f3ef9e9', name='0a6812de-7416-4ffe-aba9-307599a02c84___FREC_Scab 2973.JPG', type='image/jpeg', size=15739, _file_urls=file_id: ""60372337-4df6-4886-a5de-a1663f3ef9e9""
upload_url: ""/_stcore/upload_file/28d2b9af-aba1-4f4c-b733-5d35015ceed2/60372337-4df6-4886-a5de-a1663f3ef9e9""
delete_url: ""/_stcore/upload_file/28d2b9af-aba1-4f4c-b733-5d35015ceed2/60372337-4df6-4886-a5de-a1663f3ef9e9""
)",Pommier___Tavelure du pommier,"La tavelure du pommier est une maladie fongique causant des lésions sombres sur les feuilles et les fruits, réduisant leur qualité.",: Retirez les feuilles affectées et éliminez-les correctement pour éviter leur propagation.
2025-02-21 17:24:11,"UploadedFile(file_id='0cff6a52-454f-4bfc-980e-49c2291367a2', name='0a5e9323-dbad-432d-ac58-d291718345d9___FREC_Scab 3417_90deg.JPG', type='image/jpeg', size=9307, _file_urls=file_id: ""0cff6a52-454f-4bfc-980e-49c2291367a2""
upload_url: ""/_stcore/upload_file/4b68f52a-b5cc-4627-878f-c85bb078d123/0cff6a52-454f-4bfc-980e-49c2291367a2""
delete_url: ""/_stcore/upload_file/4b68f52a-b5cc-4627-878f-c85bb078d123/0cff6a52-454f-4bfc-980e-49c2291367a2""
)",Pommier___Tavelure du pommier,"La tavelure du pommier est une maladie fongique causant des lésions sombres sur les feuilles et les fruits, réduisant leur qualité.",: Retirez les feuilles affectées et éliminez-les correctement pour éviter leur propagation.
2025-02-21 17:24:22,"UploadedFile(file_id='0cff6a52-454f-4bfc-980e-49c2291367a2', name='0a5e9323-dbad-432d-ac58-d291718345d9___FREC_Scab 3417_90deg.JPG', type='image/jpeg', size=9307, _file_urls=file_id: ""0cff6a52-454f-4bfc-980e-49c2291367a2""
upload_url: ""/_stcore/upload_file/4b68f52a-b5cc-4627-878f-c85bb078d123/0cff6a52-454f-4bfc-980e-49c2291367a2""
delete_url: ""/_stcore/upload_file/4b68f52a-b5cc-4627-878f-c85bb078d123/0cff6a52-454f-4bfc-980e-49c2291367a2""
)",Pommier___Tavelure du pommier,"La tavelure du pommier est une maladie fongique causant des lésions sombres sur les feuilles et les fruits, réduisant leur qualité.",: Retirez les feuilles affectées et éliminez-les correctement pour éviter leur propagation.
2025-02-21 17:24:40,"UploadedFile(file_id='46dba84e-6ab4-46db-9bc9-7d0de54cd080', name='image (1).jpg', type='image/jpeg', size=9359, _file_urls=file_id: ""46dba84e-6ab4-46db-9bc9-7d0de54cd080""
upload_url: ""/_stcore/upload_file/4b68f52a-b5cc-4627-878f-c85bb078d123/46dba84e-6ab4-46db-9bc9-7d0de54cd080""
delete_url: ""/_stcore/upload_file/4b68f52a-b5cc-4627-878f-c85bb078d123/46dba84e-6ab4-46db-9bc9-7d0de54cd080""
)",Orange___Huanglongbing (Verdissement des agrumes),Le Huanglongbing est une maladie bactérienne grave provoquant le verdissement des agrumes et la chute des fruits.,: Il s'agit d'une maladie grave. Retirez les arbres affectés et désinfectez les outils.
2025-02-21 17:31:04,"UploadedFile(file_id='46dba84e-6ab4-46db-9bc9-7d0de54cd080', name='image (1).jpg', type='image/jpeg', size=9359, _file_urls=file_id: ""46dba84e-6ab4-46db-9bc9-7d0de54cd080""
upload_url: ""/_stcore/upload_file/4b68f52a-b5cc-4627-878f-c85bb078d123/46dba84e-6ab4-46db-9bc9-7d0de54cd080""
delete_url: ""/_stcore/upload_file/4b68f52a-b5cc-4627-878f-c85bb078d123/46dba84e-6ab4-46db-9bc9-7d0de54cd080""
)",Orange___Huanglongbing (Verdissement des agrumes),Le Huanglongbing est une maladie bactérienne grave provoquant le verdissement des agrumes et la chute des fruits.,: Il s'agit d'une maladie grave. Retirez les arbres affectés et désinfectez les outils.
2025-02-21 17:31:29,"UploadedFile(file_id='46dba84e-6ab4-46db-9bc9-7d0de54cd080', name='image (1).jpg', type='image/jpeg', size=9359, _file_urls=file_id: ""46dba84e-6ab4-46db-9bc9-7d0de54cd080""
upload_url: ""/_stcore/upload_file/4b68f52a-b5cc-4627-878f-c85bb078d123/46dba84e-6ab4-46db-9bc9-7d0de54cd080""
delete_url: ""/_stcore/upload_file/4b68f52a-b5cc-4627-878f-c85bb078d123/46dba84e-6ab4-46db-9bc9-7d0de54cd080""
)",Orange___Huanglongbing (Verdissement des agrumes),Le Huanglongbing est une maladie bactérienne grave provoquant le verdissement des agrumes et la chute des fruits.,: Il s'agit d'une maladie grave. Retirez les arbres affectés et désinfectez les outils.
2025-02-21 17:31:39,"UploadedFile(file_id='70426ccf-ad66-4300-b692-c7b95113f76d', name='image (2).jpg', type='image/jpeg', size=12306, _file_urls=file_id: ""70426ccf-ad66-4300-b692-c7b95113f76d""
upload_url: ""/_stcore/upload_file/4b68f52a-b5cc-4627-878f-c85bb078d123/70426ccf-ad66-4300-b692-c7b95113f76d""
delete_url: ""/_stcore/upload_file/4b68f52a-b5cc-4627-878f-c85bb078d123/70426ccf-ad66-4300-b692-c7b95113f76d""
)",Orange___Huanglongbing (Verdissement des agrumes),Le Huanglongbing est une maladie bactérienne grave provoquant le verdissement des agrumes et la chute des fruits.,: Il s'agit d'une maladie grave. Retirez les arbres affectés et désinfectez les outils.
2025-02-21 17:31:54,"UploadedFile(file_id='70426ccf-ad66-4300-b692-c7b95113f76d', name='image (2).jpg', type='image/jpeg', size=12306, _file_urls=file_id: ""70426ccf-ad66-4300-b692-c7b95113f76d""
upload_url: ""/_stcore/upload_file/4b68f52a-b5cc-4627-878f-c85bb078d123/70426ccf-ad66-4300-b692-c7b95113f76d""
delete_url: ""/_stcore/upload_file/4b68f52a-b5cc-4627-878f-c85bb078d123/70426ccf-ad66-4300-b692-c7b95113f76d""
)",Orange___Huanglongbing (Verdissement des agrumes),Le Huanglongbing est une maladie bactérienne grave provoquant le verdissement des agrumes et la chute des fruits.,: Il s'agit d'une maladie grave. Retirez les arbres affectés et désinfectez les outils.
2025-02-21 17:34:09,"UploadedFile(file_id='0f583ce3-a36d-435e-acd6-c506ce38cdce', name='image (3).jpg', type='image/jpeg', size=9182, _file_urls=file_id: ""0f583ce3-a36d-435e-acd6-c506ce38cdce""
upload_url: ""/_stcore/upload_file/4b68f52a-b5cc-4627-878f-c85bb078d123/0f583ce3-a36d-435e-acd6-c506ce38cdce""
delete_url: ""/_stcore/upload_file/4b68f52a-b5cc-4627-878f-c85bb078d123/0f583ce3-a36d-435e-acd6-c506ce38cdce""
)",Image non reconnue.,L'image que vous avez sélectionné ne correspond peut-être à une feuilles.,Réessayez en sélectionnant l'image à nouveau ou une autre.
2025-02-21 17:34:44,"UploadedFile(file_id='e3bde480-ffe5-49ea-abc6-cf2cfcdd7bb7', name='image (1).jpg', type='image/jpeg', size=9359, _file_urls=file_id: ""e3bde480-ffe5-49ea-abc6-cf2cfcdd7bb7""
upload_url: ""/_stcore/upload_file/4b68f52a-b5cc-4627-878f-c85bb078d123/e3bde480-ffe5-49ea-abc6-cf2cfcdd7bb7""
delete_url: ""/_stcore/upload_file/4b68f52a-b5cc-4627-878f-c85bb078d123/e3bde480-ffe5-49ea-abc6-cf2cfcdd7bb7""
)",Image non reconnue.,L'image que vous avez sélectionné ne correspond peut-être à une feuilles.,Réessayez en sélectionnant l'image à nouveau ou une autre.
2025-02-21 17:36:00,"UploadedFile(file_id='ec0c4429-74da-486e-8285-17b45ce4864f', name='0abbec2f-123f-4ae1-a9b7-8babbe8d0e89___RS_NLB 3685.JPG', type='image/jpeg', size=18824, _file_urls=file_id: ""ec0c4429-74da-486e-8285-17b45ce4864f""
upload_url: ""/_stcore/upload_file/4b68f52a-b5cc-4627-878f-c85bb078d123/ec0c4429-74da-486e-8285-17b45ce4864f""
delete_url: ""/_stcore/upload_file/4b68f52a-b5cc-4627-878f-c85bb078d123/ec0c4429-74da-486e-8285-17b45ce4864f""
)",Maïs___Brûlure septentrionale des feuilles,"La brûlure septentrionale des feuilles est une maladie causée par un champignon, affectant les feuilles de maïs.",: Retirez les feuilles infectées et appliquez des fongicides.
2025-02-21 17:36:17,"UploadedFile(file_id='ec0c4429-74da-486e-8285-17b45ce4864f', name='0abbec2f-123f-4ae1-a9b7-8babbe8d0e89___RS_NLB 3685.JPG', type='image/jpeg', size=18824, _file_urls=file_id: ""ec0c4429-74da-486e-8285-17b45ce4864f""
upload_url: ""/_stcore/upload_file/4b68f52a-b5cc-4627-878f-c85bb078d123/ec0c4429-74da-486e-8285-17b45ce4864f""
delete_url: ""/_stcore/upload_file/4b68f52a-b5cc-4627-878f-c85bb078d123/ec0c4429-74da-486e-8285-17b45ce4864f""
)",Maïs___Brûlure septentrionale des feuilles,"La brûlure septentrionale des feuilles est une maladie causée par un champignon, affectant les feuilles de maïs.",: Retirez les feuilles infectées et appliquez des fongicides.
2025-02-21 17:36:31,"UploadedFile(file_id='2086981b-47f4-4e3a-9c06-e6ac5a037491', name='image (1).jpg', type='image/jpeg', size=9359, _file_urls=file_id: ""2086981b-47f4-4e3a-9c06-e6ac5a037491""
upload_url: ""/_stcore/upload_file/4b68f52a-b5cc-4627-878f-c85bb078d123/2086981b-47f4-4e3a-9c06-e6ac5a037491""
delete_url: ""/_stcore/upload_file/4b68f52a-b5cc-4627-878f-c85bb078d123/2086981b-47f4-4e3a-9c06-e6ac5a037491""
)",Image non reconnue.,L'image que vous avez sélectionné ne correspond peut-être à une feuilles.,Réessayez en sélectionnant l'image à nouveau ou une autre.
2025-02-22 08:22:24,"UploadedFile(file_id='8c180194-8311-4b0b-a86c-97c3f7cfcbbe', name='RS_Rust 1575_flipLR.JPG', type='image/jpeg', size=15390, _file_urls=file_id: ""8c180194-8311-4b0b-a86c-97c3f7cfcbbe""
upload_url: ""/_stcore/upload_file/739f3783-b889-4317-8ab0-a9b1c5b17123/8c180194-8311-4b0b-a86c-97c3f7cfcbbe""
delete_url: ""/_stcore/upload_file/739f3783-b889-4317-8ab0-a9b1c5b17123/8c180194-8311-4b0b-a86c-97c3f7cfcbbe""
)",Maïs___Rouille commune,La rouille commune du maïs est une maladie fongique causant des pustules rouges sur les feuilles.,: Utilisez un fongicide et améliorez la circulation de l'air autour de la plante.
2025-02-22 08:23:15,"UploadedFile(file_id='e96e0a3b-cc7a-4813-a993-c9055affbfc1', name='0b5492ee-253d-4a13-ad5a-780cb954b09a___RS_GLSp 4615 copy_90deg.jpg', type='image/jpeg', size=17450, _file_urls=file_id: ""e96e0a3b-cc7a-4813-a993-c9055affbfc1""
upload_url: ""/_stcore/upload_file/739f3783-b889-4317-8ab0-a9b1c5b17123/e96e0a3b-cc7a-4813-a993-c9055affbfc1""
delete_url: ""/_stcore/upload_file/739f3783-b889-4317-8ab0-a9b1c5b17123/e96e0a3b-cc7a-4813-a993-c9055affbfc1""
)",Maïs___Taches foliaires à Cercospora,"Les taches foliaires à Cercospora affectent les feuilles du maïs, réduisant la photosynthèse et les rendements.",
2025-02-22 08:23:39,"UploadedFile(file_id='832c6c0e-4e6b-4abc-9247-7cf0426cad24', name='0c8432e0-0484-470c-a774-7cce596b9e64___JR_FrgE.S 2841.JPG', type='image/jpeg', size=18799, _file_urls=file_id: ""832c6c0e-4e6b-4abc-9247-7cf0426cad24""
upload_url: ""/_stcore/upload_file/739f3783-b889-4317-8ab0-a9b1c5b17123/832c6c0e-4e6b-4abc-9247-7cf0426cad24""
delete_url: ""/_stcore/upload_file/739f3783-b889-4317-8ab0-a9b1c5b17123/832c6c0e-4e6b-4abc-9247-7cf0426cad24""
)",Pommier___Pourriture noire,"La pourriture noire du pommier provoque des taches sombres sur les fruits et les branches, causée par un champignon.",: Retirez les fruits et les feuilles infectés et traitez avec un fongicide.
2025-02-22 08:24:12,"UploadedFile(file_id='9e1f85ed-5f6d-47ce-8829-35f507d6234c', name='image (112).jpg', type='image/jpeg', size=10012, _file_urls=file_id: ""9e1f85ed-5f6d-47ce-8829-35f507d6234c""
upload_url: ""/_stcore/upload_file/739f3783-b889-4317-8ab0-a9b1c5b17123/9e1f85ed-5f6d-47ce-8829-35f507d6234c""
delete_url: ""/_stcore/upload_file/739f3783-b889-4317-8ab0-a9b1c5b17123/9e1f85ed-5f6d-47ce-8829-35f507d6234c""
)",Image non reconnue.,L'image que vous avez sélectionné ne correspond peut-être à une feuilles.,Réessayez en sélectionnant l'image à nouveau ou une autre.
2025-02-22 08:24:38,"UploadedFile(file_id='720f6677-6c4f-4117-8531-b1395d048784', name='Sans-titre-1.gif', type='image/gif', size=421166, _file_urls=file_id: ""720f6677-6c4f-4117-8531-b1395d048784""
upload_url: ""/_stcore/upload_file/739f3783-b889-4317-8ab0-a9b1c5b17123/720f6677-6c4f-4117-8531-b1395d048784""
delete_url: ""/_stcore/upload_file/739f3783-b889-4317-8ab0-a9b1c5b17123/720f6677-6c4f-4117-8531-b1395d048784""
)",Image non reconnue.,L'image que vous avez sélectionné ne correspond peut-être à une feuilles.,Réessayez en sélectionnant l'image à nouveau ou une autre.
2025-02-22 08:24:55,"UploadedFile(file_id='3f13c311-0d88-4137-857d-70dfc014b501', name='IMG-20240529-WA0007.jpg', type='image/jpeg', size=6509, _file_urls=file_id: ""3f13c311-0d88-4137-857d-70dfc014b501""
upload_url: ""/_stcore/upload_file/739f3783-b889-4317-8ab0-a9b1c5b17123/3f13c311-0d88-4137-857d-70dfc014b501""
delete_url: ""/_stcore/upload_file/739f3783-b889-4317-8ab0-a9b1c5b17123/3f13c311-0d88-4137-857d-70dfc014b501""
)",Image non reconnue.,L'image que vous avez sélectionné ne correspond peut-être à une feuilles.,Réessayez en sélectionnant l'image à nouveau ou une autre.
2025-02-22 08:24:57,"UploadedFile(file_id='3f13c311-0d88-4137-857d-70dfc014b501', name='IMG-20240529-WA0007.jpg', type='image/jpeg', size=6509, _file_urls=file_id: ""3f13c311-0d88-4137-857d-70dfc014b501""
upload_url: ""/_stcore/upload_file/739f3783-b889-4317-8ab0-a9b1c5b17123/3f13c311-0d88-4137-857d-70dfc014b501""
delete_url: ""/_stcore/upload_file/739f3783-b889-4317-8ab0-a9b1c5b17123/3f13c311-0d88-4137-857d-70dfc014b501""
)",Image non reconnue.,L'image que vous avez sélectionné ne correspond peut-être à une feuilles.,Réessayez en sélectionnant l'image à nouveau ou une autre.
2025-02-22 09:26:41,"UploadedFile(file_id='fd0e116f-e6a4-4c8d-bb2d-c01193060bf2', name='maïs.jpg', type='image/jpeg', size=7499, _file_urls=file_id: ""fd0e116f-e6a4-4c8d-bb2d-c01193060bf2""
upload_url: ""/_stcore/upload_file/739f3783-b889-4317-8ab0-a9b1c5b17123/fd0e116f-e6a4-4c8d-bb2d-c01193060bf2""
delete_url: ""/_stcore/upload_file/739f3783-b889-4317-8ab0-a9b1c5b17123/fd0e116f-e6a4-4c8d-bb2d-c01193060bf2""
)",Maïs___Brûlure septentrionale des feuilles,"La brûlure septentrionale des feuilles est une maladie causée par un champignon, affectant les feuilles de maïs.",: Retirez les feuilles infectées et appliquez des fongicides.
2025-02-22 09:26:59,"UploadedFile(file_id='56816542-9115-4622-97ad-dae671906acd', name='maïs1.jpg', type='image/jpeg', size=29150, _file_urls=file_id: ""56816542-9115-4622-97ad-dae671906acd""
upload_url: ""/_stcore/upload_file/739f3783-b889-4317-8ab0-a9b1c5b17123/56816542-9115-4622-97ad-dae671906acd""
delete_url: ""/_stcore/upload_file/739f3783-b889-4317-8ab0-a9b1c5b17123/56816542-9115-4622-97ad-dae671906acd""
)",Maïs___Brûlure septentrionale des feuilles,"La brûlure septentrionale des feuilles est une maladie causée par un champignon, affectant les feuilles de maïs.",: Retirez les feuilles infectées et appliquez des fongicides.
2025-02-22 09:27:11,"UploadedFile(file_id='292a0823-4a69-4867-a8d2-bf0f4318549d', name='maïs3.jpg', type='image/jpeg', size=6642, _file_urls=file_id: ""292a0823-4a69-4867-a8d2-bf0f4318549d""
upload_url: ""/_stcore/upload_file/739f3783-b889-4317-8ab0-a9b1c5b17123/292a0823-4a69-4867-a8d2-bf0f4318549d""
delete_url: ""/_stcore/upload_file/739f3783-b889-4317-8ab0-a9b1c5b17123/292a0823-4a69-4867-a8d2-bf0f4318549d""
)",Maïs___Brûlure septentrionale des feuilles,"La brûlure septentrionale des feuilles est une maladie causée par un champignon, affectant les feuilles de maïs.",: Retirez les feuilles infectées et appliquez des fongicides.
2025-02-22 09:39:00,"UploadedFile(file_id='2dc89a9d-db73-4cb9-898d-8f7d84a77ca3', name='OIP (1).jpg', type='image/jpeg', size=20662, _file_urls=file_id: ""2dc89a9d-db73-4cb9-898d-8f7d84a77ca3""
upload_url: ""/_stcore/upload_file/739f3783-b889-4317-8ab0-a9b1c5b17123/2dc89a9d-db73-4cb9-898d-8f7d84a77ca3""
delete_url: ""/_stcore/upload_file/739f3783-b889-4317-8ab0-a9b1c5b17123/2dc89a9d-db73-4cb9-898d-8f7d84a77ca3""
)",Image non reconnue.,L'image que vous avez sélectionné ne correspond peut-être à une feuilles.,Réessayez en sélectionnant l'image à nouveau ou une autre.
2025-02-22 09:39:27,"UploadedFile(file_id='775a9ded-dd66-4597-a250-068938f0268b', name='OIP.jpg', type='image/jpeg', size=14026, _file_urls=file_id: ""775a9ded-dd66-4597-a250-068938f0268b""
upload_url: ""/_stcore/upload_file/739f3783-b889-4317-8ab0-a9b1c5b17123/775a9ded-dd66-4597-a250-068938f0268b""
delete_url: ""/_stcore/upload_file/739f3783-b889-4317-8ab0-a9b1c5b17123/775a9ded-dd66-4597-a250-068938f0268b""
)",Tomate___Alternariose,L'alternariose de la tomate provoque des taches circulaires brunes sur les feuilles et les fruits.,: Appliquez un fongicide et retirez les feuilles affectées.
2025-02-22 09:39:48,"UploadedFile(file_id='69f3b831-37ba-43a2-991c-4035ba7e5da1', name='plumeria-leaves-white-background-top-view-plumeria-leaves-white-top-view-144787098.webp', type='image/webp', size=16094, _file_urls=file_id: ""69f3b831-37ba-43a2-991c-4035ba7e5da1""
upload_url: ""/_stcore/upload_file/739f3783-b889-4317-8ab0-a9b1c5b17123/69f3b831-37ba-43a2-991c-4035ba7e5da1""
delete_url: ""/_stcore/upload_file/739f3783-b889-4317-8ab0-a9b1c5b17123/69f3b831-37ba-43a2-991c-4035ba7e5da1""
)",Pêche___Sain,Ce pêcher est en bonne santé.,: Votre pêcher est en bonne santé ! Continuez les soins réguliers.
2025-02-22 09:40:39,"UploadedFile(file_id='623aed7d-662a-4a09-9b17-915737b6149e', name='set-mango-leaves-isolated-on-260nw-1709767048.webp', type='image/webp', size=15638, _file_urls=file_id: ""623aed7d-662a-4a09-9b17-915737b6149e""
upload_url: ""/_stcore/upload_file/739f3783-b889-4317-8ab0-a9b1c5b17123/623aed7d-662a-4a09-9b17-915737b6149e""
delete_url: ""/_stcore/upload_file/739f3783-b889-4317-8ab0-a9b1c5b17123/623aed7d-662a-4a09-9b17-915737b6149e""
)",Poivron___Sain,Ce poivron est en bonne santé.,: Votre plant de poivron a l'air en bonne santé ! Gardez le sol bien drainé.
2025-02-22 09:41:34,"UploadedFile(file_id='93a404ce-f910-4d03-9335-e72e9f629f30', name='télécharger.jpg', type='image/jpeg', size=20314, _file_urls=file_id: ""93a404ce-f910-4d03-9335-e72e9f629f30""
upload_url: ""/_stcore/upload_file/739f3783-b889-4317-8ab0-a9b1c5b17123/93a404ce-f910-4d03-9335-e72e9f629f30""
delete_url: ""/_stcore/upload_file/739f3783-b889-4317-8ab0-a9b1c5b17123/93a404ce-f910-4d03-9335-e72e9f629f30""
)",Maïs___Taches foliaires à Cercospora,"Les taches foliaires à Cercospora affectent les feuilles du maïs, réduisant la photosynthèse et les rendements.",
2025-02-22 09:45:13,"UploadedFile(file_id='e4a1ddda-2812-4059-9f3e-dbe73bec6d37', name='0a0bd696-c093-47ef-866b-7f5a40af3edb___JR_HL 3952.JPG', type='image/jpeg', size=12555, _file_urls=file_id: ""e4a1ddda-2812-4059-9f3e-dbe73bec6d37""
upload_url: ""/_stcore/upload_file/739f3783-b889-4317-8ab0-a9b1c5b17123/e4a1ddda-2812-4059-9f3e-dbe73bec6d37""
delete_url: ""/_stcore/upload_file/739f3783-b889-4317-8ab0-a9b1c5b17123/e4a1ddda-2812-4059-9f3e-dbe73bec6d37""
)",Cerise (incluant griottes)___Sain,Ces cerises sont en bonne santé.,: Votre cerisier est en bonne santé ! Surveillez sa croissance.
2025-02-22 09:45:36,"UploadedFile(file_id='21f35df0-301a-4b8a-9b2f-66a17bcaabee', name='4b1fcb7b-3fa6-4bd9-bad0-59328645eef6___JR_HL 4087.JPG', type='image/jpeg', size=30721, _file_urls=file_id: ""21f35df0-301a-4b8a-9b2f-66a17bcaabee""
upload_url: ""/_stcore/upload_file/739f3783-b889-4317-8ab0-a9b1c5b17123/21f35df0-301a-4b8a-9b2f-66a17bcaabee""
delete_url: ""/_stcore/upload_file/739f3783-b889-4317-8ab0-a9b1c5b17123/21f35df0-301a-4b8a-9b2f-66a17bcaabee""
)",Poivron___Sain,Ce poivron est en bonne santé.,: Votre plant de poivron a l'air en bonne santé ! Gardez le sol bien drainé.
2025-02-22 09:46:10,"UploadedFile(file_id='ee897d7e-c357-4aa3-9778-4442ba7b5623', name='83e9a1a7-8a7c-4088-acb9-b3e5f1afbe7e___JR_HL 4205_180deg.JPG', type='image/jpeg', size=14116, _file_urls=file_id: ""ee897d7e-c357-4aa3-9778-4442ba7b5623""
upload_url: ""/_stcore/upload_file/739f3783-b889-4317-8ab0-a9b1c5b17123/ee897d7e-c357-4aa3-9778-4442ba7b5623""
delete_url: ""/_stcore/upload_file/739f3783-b889-4317-8ab0-a9b1c5b17123/ee897d7e-c357-4aa3-9778-4442ba7b5623""
)",Pommier___Pourriture noire,"La pourriture noire du pommier provoque des taches sombres sur les fruits et les branches, causée par un champignon.",: Retirez les fruits et les feuilles infectés et traitez avec un fongicide.
2025-02-22 09:46:32,"UploadedFile(file_id='62ba43db-1105-436c-9336-1f2f5eefe10f', name='0a283423-3a6d-43a4-92e5-267c8153ca45___FREC_Pwd.M 4921.JPG', type='image/jpeg', size=10138, _file_urls=file_id: ""62ba43db-1105-436c-9336-1f2f5eefe10f""
upload_url: ""/_stcore/upload_file/739f3783-b889-4317-8ab0-a9b1c5b17123/62ba43db-1105-436c-9336-1f2f5eefe10f""
delete_url: ""/_stcore/upload_file/739f3783-b889-4317-8ab0-a9b1c5b17123/62ba43db-1105-436c-9336-1f2f5eefe10f""
)",Cerise (incluant griottes)___Oïdium,L'oïdium des cerises est une maladie fongique provoquant un dépôt poudreux blanc sur les feuilles.,
2025-02-22 09:47:09,"UploadedFile(file_id='9d2bfb38-1b3b-409d-a922-5d9c34569d9f', name='0abb363c-2365-4816-a6c4-ce4bac6ffc38___FAM_B.Rot 3122_flipLR.JPG', type='image/jpeg', size=16518, _file_urls=file_id: ""9d2bfb38-1b3b-409d-a922-5d9c34569d9f""
upload_url: ""/_stcore/upload_file/739f3783-b889-4317-8ab0-a9b1c5b17123/9d2bfb38-1b3b-409d-a922-5d9c34569d9f""
delete_url: ""/_stcore/upload_file/739f3783-b889-4317-8ab0-a9b1c5b17123/9d2bfb38-1b3b-409d-a922-5d9c34569d9f""
)",Vigne___Pourriture noire,"La pourriture noire de la vigne cause des lésions brunes et des fruits pourris, réduisant la production.",: Taillez les vignes infectées et appliquez des fongicides.
2025-02-22 09:51:15,"UploadedFile(file_id='53cda6ec-0f4a-4bda-8eb0-0e619aeeec7c', name='0ad0e70a-fa1a-4ec4-885e-2bbb3b57ab93___Rutg._HL 3672_newPixel25.JPG', type='image/jpeg', size=11200, _file_urls=file_id: ""53cda6ec-0f4a-4bda-8eb0-0e619aeeec7c""
upload_url: ""/_stcore/upload_file/739f3783-b889-4317-8ab0-a9b1c5b17123/53cda6ec-0f4a-4bda-8eb0-0e619aeeec7c""
delete_url: ""/_stcore/upload_file/739f3783-b889-4317-8ab0-a9b1c5b17123/53cda6ec-0f4a-4bda-8eb0-0e619aeeec7c""
)",Pêche___Sain,Ce pêcher est en bonne santé.,: Votre pêcher est en bonne santé ! Continuez les soins réguliers.
2025-02-22 09:51:30,"UploadedFile(file_id='43492afe-9e13-4bfa-87f3-4f466d6c7026', name='0aec21de-1b0b-4aa5-9e07-560fdbf0580d___Rutg._HL 3583_new30degFlipLR.JPG', type='image/jpeg', size=16893, _file_urls=file_id: ""43492afe-9e13-4bfa-87f3-4f466d6c7026""
upload_url: ""/_stcore/upload_file/739f3783-b889-4317-8ab0-a9b1c5b17123/43492afe-9e13-4bfa-87f3-4f466d6c7026""
delete_url: ""/_stcore/upload_file/739f3783-b889-4317-8ab0-a9b1c5b17123/43492afe-9e13-4bfa-87f3-4f466d6c7026""
)",Pêche___Sain,Ce pêcher est en bonne santé.,: Votre pêcher est en bonne santé ! Continuez les soins réguliers.
2025-02-22 09:52:05,"UploadedFile(file_id='4ad1aed1-394d-4569-9b61-6b0f92576409', name='0ab59fda-d57f-484c-9f21-80d854957d7e___Rut._Bact.S 0869.JPG', type='image/jpeg', size=18469, _file_urls=file_id: ""4ad1aed1-394d-4569-9b61-6b0f92576409""
upload_url: ""/_stcore/upload_file/739f3783-b889-4317-8ab0-a9b1c5b17123/4ad1aed1-394d-4569-9b61-6b0f92576409""
delete_url: ""/_stcore/upload_file/739f3783-b889-4317-8ab0-a9b1c5b17123/4ad1aed1-394d-4569-9b61-6b0f92576409""
)",Tomate___Virus de la mosaïque,Le virus de la mosaïque de la tomate cause des taches jaunes et une déformation des feuilles.,: Retirez les plantes infectées et désinfectez les outils.
2025-02-22 11:42:56,"UploadedFile(file_id='32850d83-f607-4223-a4f8-0b29a91af5fd', name='0a71ba91-8bde-4a91-84a9-bf950488f718___Rutg._Bact.S 2121.JPG', type='image/jpeg', size=11328, _file_urls=file_id: ""32850d83-f607-4223-a4f8-0b29a91af5fd""
upload_url: ""/_stcore/upload_file/739f3783-b889-4317-8ab0-a9b1c5b17123/32850d83-f607-4223-a4f8-0b29a91af5fd""
delete_url: ""/_stcore/upload_file/739f3783-b889-4317-8ab0-a9b1c5b17123/32850d83-f607-4223-a4f8-0b29a91af5fd""
)",Pêche___Tache bactérienne,La tache bactérienne du pêcher cause des lésions sur les fruits et les feuilles.,: Taillez les branches affectées et appliquez des fongicides à base de cuivre.
2025-02-25 09:22:47,"UploadedFile(file_id='1cc735a4-1538-491c-becc-93ec9947c239', name='00e6ad4a-5a62-48d7-ac68-9c0b8ec87f5f___Rut._Bact.S 1472.JPG', type='image/jpeg', size=14499, _file_urls=file_id: ""1cc735a4-1538-491c-becc-93ec9947c239""
upload_url: ""/_stcore/upload_file/e08c2471-2dc8-43f7-abc5-93c9bf7f17ba/1cc735a4-1538-491c-becc-93ec9947c239""
delete_url: ""/_stcore/upload_file/e08c2471-2dc8-43f7-abc5-93c9bf7f17ba/1cc735a4-1538-491c-becc-93ec9947c239""
)",Pêche___Tache bactérienne,La tache bactérienne du pêcher cause des lésions sur les fruits et les feuilles.,: Taillez les branches affectées et appliquez des fongicides à base de cuivre.
2025-02-25 13:56:07,"UploadedFile(file_id='28d7d549-bf6a-4316-9b33-5d576617bfbb', name='0a5e9323-dbad-432d-ac58-d291718345d9___FREC_Scab 3417_270deg.JPG', type='image/jpeg', size=9030, _file_urls=file_id: ""28d7d549-bf6a-4316-9b33-5d576617bfbb""
upload_url: ""/_stcore/upload_file/bf102e59-b9c5-4179-8ef0-491de5ca799a/28d7d549-bf6a-4316-9b33-5d576617bfbb""
delete_url: ""/_stcore/upload_file/bf102e59-b9c5-4179-8ef0-491de5ca799a/28d7d549-bf6a-4316-9b33-5d576617bfbb""
)",Pommier___Tavelure du pommier,"La tavelure du pommier est une maladie fongique causant des lésions sombres sur les feuilles et les fruits, réduisant leur qualité.",: Retirez les feuilles affectées et éliminez-les correctement pour éviter leur propagation.
2025-02-26 10:28:56,"UploadedFile(file_id='cdff464a-1296-43c0-bf71-b4d976febaaf', name='0a6812de-7416-4ffe-aba9-307599a02c84___FREC_Scab 2973_270deg.JPG', type='image/jpeg', size=15978, _file_urls=file_id: ""cdff464a-1296-43c0-bf71-b4d976febaaf""
upload_url: ""/_stcore/upload_file/1e03e5c7-a72d-4fea-94b6-01ef625f6106/cdff464a-1296-43c0-bf71-b4d976febaaf""
delete_url: ""/_stcore/upload_file/1e03e5c7-a72d-4fea-94b6-01ef625f6106/cdff464a-1296-43c0-bf71-b4d976febaaf""
)",Pommier___Tavelure du pommier,"La tavelure du pommier est une maladie fongique causant des lésions sombres sur les feuilles et les fruits, réduisant leur qualité.",: Retirez les feuilles affectées et éliminez-les correctement pour éviter leur propagation.
2025-02-26 10:29:08,"UploadedFile(file_id='cdff464a-1296-43c0-bf71-b4d976febaaf', name='0a6812de-7416-4ffe-aba9-307599a02c84___FREC_Scab 2973_270deg.JPG', type='image/jpeg', size=15978, _file_urls=file_id: ""cdff464a-1296-43c0-bf71-b4d976febaaf""
upload_url: ""/_stcore/upload_file/1e03e5c7-a72d-4fea-94b6-01ef625f6106/cdff464a-1296-43c0-bf71-b4d976febaaf""
delete_url: ""/_stcore/upload_file/1e03e5c7-a72d-4fea-94b6-01ef625f6106/cdff464a-1296-43c0-bf71-b4d976febaaf""
)",Pommier___Tavelure du pommier,"La tavelure du pommier est une maladie fongique causant des lésions sombres sur les feuilles et les fruits, réduisant leur qualité.",: Retirez les feuilles affectées et éliminez-les correctement pour éviter leur propagation.
2025-02-26 12:08:33,"UploadedFile(file_id='21d0745c-265d-4af9-ba70-7207dc6c5563', name=""Capture d'écran 2024-03-31 164552.png"", type='image/png', size=28639, _file_urls=file_id: ""21d0745c-265d-4af9-ba70-7207dc6c5563""
upload_url: ""/_stcore/upload_file/1e03e5c7-a72d-4fea-94b6-01ef625f6106/21d0745c-265d-4af9-ba70-7207dc6c5563""
delete_url: ""/_stcore/upload_file/1e03e5c7-a72d-4fea-94b6-01ef625f6106/21d0745c-265d-4af9-ba70-7207dc6c5563""
)",Image non reconnue.,L'image que vous avez sélectionné ne correspond peut-être à une feuilles.,Réessayez en sélectionnant l'image à nouveau ou une autre.
